subj_idx,Topic,Appraisal ,clap,donatie,importance,FEAR,ANGER,NEG_AFFECT
1,1,3,0,50,62,65,63,64
1,1,3,0,53,68,69,68,68.5
1,1,3,0,50,77,79,75,77
1,1,3,0,50,80,83,74,78.5
1,1,2,0,47,74,79,71,75
1,1,2,0,41,77,76,66,71
1,1,2,0,38,80,77,66,71.5
1,1,2,0,29,74,71,61,66
1,1,3,0,50,62,65,63,64
1,1,3,0,53,68,69,68,68.5
1,1,3,0,50,77,79,75,77
1,1,3,0,50,80,83,74,78.5
1,2,3,0,50,59,54,54,54
1,2,3,0,50,62,62,56,59
1,2,3,0,50,56,58,55,56.5
1,2,3,0,50,56,57,55,56
1,2,2,0,41,56,55,51,53
1,2,2,0,44,56,51,45,48
1,2,2,0,44,56,50,43,46.5
1,2,2,0,41,56,58,46,52
1,2,3,0,50,59,54,54,54
1,2,3,0,50,62,62,56,59
1,2,3,0,50,56,58,55,56.5
1,2,3,0,50,56,57,55,56
1,3,3,0,53,80,69,72,70.5
1,3,3,0,50,86,72,69,70.5
1,3,3,0,50,92,84,77,80.5
1,3,3,0,50,89,76,72,74
1,3,2,0,50,86,71,70,70.5
1,3,2,0,50,83,77,66,71.5
1,3,2,0,32,86,78,69,73.5
1,3,2,0,41,89,79,67,73
1,3,3,0,53,80,69,72,70.5
1,3,3,0,50,86,72,69,70.5
1,3,3,0,50,92,84,77,80.5
1,3,3,0,50,89,76,72,74
2,1,3,2,2,35,30,25,27.5
2,1,3,1,29,17,20,19,19.5
2,1,3,2,29,35,19,20,19.5
2,1,3,1,29,23,13,13,13
2,1,2,1,2,8,17,21,19
2,1,2,1,20,35,20,17,18.5
2,1,2,1,29,17,19,15,17
2,1,2,1,29,17,18,10,14
2,1,3,2,2,35,30,25,27.5
2,1,3,1,29,17,20,19,19.5
2,1,3,2,29,35,19,20,19.5
2,1,3,1,29,23,13,13,13
2,2,3,3,35,62,26,24,25
2,2,3,6,83,95,51,29,40
2,2,3,2,2,29,22,18,20
2,2,3,4,95,86,42,39,40.5
2,2,2,4,20,53,33,32,32.5
2,2,2,3,17,23,24,15,19.5
2,2,2,3,38,74,32,27,29.5
2,2,2,4,80,89,44,13,28.5
2,2,3,3,35,62,26,24,25
2,2,3,6,83,95,51,29,40
2,2,3,2,2,29,22,18,20
2,2,3,4,95,86,42,39,40.5
2,3,3,3,32,86,38,14,26
2,3,3,4,62,71,42,22,32
2,3,3,5,65,98,37,70,53.5
2,3,3,1,80,89,19,22,20.5
2,3,2,3,65,65,31,14,22.5
2,3,2,2,23,26,36,26,31
2,3,2,2,59,92,34,41,37.5
2,3,2,3,62,74,41,29,35
2,3,3,3,32,86,38,14,26
2,3,3,4,62,71,42,22,32
2,3,3,5,65,98,37,70,53.5
2,3,3,1,80,89,19,22,20.5
11,1,1,12,68,83,19,18,18.5
11,1,1,17,77,86,56,65,60.5
11,1,1,6,26,68,43,56,49.5
11,1,1,15,65,89,44,9,26.5
11,1,3,21,71,83,57,51,54
11,1,3,6,2,62,15,58,36.5
11,1,3,12,2,68,22,44,33
11,1,3,7,2,20,13,65,39
11,2,1,22,65,80,49,46,47.5
11,2,1,18,74,92,77,21,49
11,2,1,13,95,98,84,5,44.5
11,2,1,9,29,59,12,14,13
11,2,3,19,95,92,83,10,46.5
11,2,3,11,8,20,23,37,30
11,2,3,11,14,59,15,17,16
11,2,3,21,89,83,71,43,57
11,3,1,14,65,89,45,37,41
11,3,1,25,98,89,35,8,21.5
11,3,1,16,98,89,74,13,43.5
11,3,1,10,98,98,57,6,31.5
11,3,3,4,14,68,32,44,38
11,3,3,7,2,29,22,53,37.5
11,3,3,23,89,86,76,40,58
11,3,3,27,89,83,76,66,71
12,1,3,2,2,77,55,68,61.5
12,1,3,0,2,41,42,76,59
12,1,3,11,2,65,58,69,63.5
12,1,3,7,2,80,65,71,68
12,1,2,14,17,77,59,61,60
12,1,2,4,2,77,60,54,57
12,1,2,6,2,68,54,71,62.5
12,1,2,9,2,74,53,58,55.5
12,1,3,2,2,77,55,68,61.5
12,1,3,0,2,41,42,76,59
12,1,3,11,2,65,58,69,63.5
12,1,3,7,2,80,65,71,68
12,2,3,11,11,92,64,66,65
12,2,3,7,5,98,64,57,60.5
12,2,3,19,26,95,56,69,62.5
12,2,3,5,5,86,60,57,58.5
12,2,2,22,32,89,63,15,39
12,2,2,24,41,92,72,64,68
12,2,2,16,20,80,62,43,52.5
12,2,2,25,41,92,76,59,67.5
12,2,3,11,11,92,64,66,65
12,2,3,7,5,98,64,57,60.5
12,2,3,19,26,95,56,69,62.5
12,2,3,5,5,86,60,57,58.5
12,3,3,10,5,83,35,52,43.5
12,3,3,14,26,98,67,85,76
12,3,3,20,35,98,68,94,81
12,3,3,21,29,98,66,74,70
12,3,2,19,14,86,64,62,63
12,3,2,21,35,98,70,83,76.5
12,3,2,25,38,98,71,60,65.5
12,3,2,25,35,92,62,76,69
12,3,3,10,5,83,35,52,43.5
12,3,3,14,26,98,67,85,76
12,3,3,20,35,98,68,94,81
12,3,3,21,29,98,66,74,70
13,1,3,0,2,29,37,80,58.5
13,1,3,0,2,29,47,68,57.5
13,1,3,0,2,29,11,71,41
13,1,3,0,2,38,19,52,35.5
13,1,2,0,2,65,36,78,57
13,1,2,0,2,56,34,71,52.5
13,1,2,0,2,62,24,76,50
13,1,2,0,2,38,27,66,46.5
13,1,3,0,2,29,37,80,58.5
13,1,3,0,2,29,47,68,57.5
13,1,3,0,2,29,11,71,41
13,1,3,0,2,38,19,52,35.5
13,2,3,1,2,71,54,68,61
13,2,3,0,38,65,43,49,46
13,2,3,0,2,59,20,71,45.5
13,2,3,10,80,86,39,69,54
13,2,2,4,59,80,54,47,50.5
13,2,2,0,23,71,50,69,59.5
13,2,2,2,38,68,33,55,44
13,2,2,8,89,95,69,33,51
13,2,3,1,2,71,54,68,61
13,2,3,0,38,65,43,49,46
13,2,3,0,2,59,20,71,45.5
13,2,3,10,80,86,39,69,54
13,3,3,0,29,77,27,72,49.5
13,3,3,0,8,74,40,63,51.5
13,3,3,2,23,77,45,60,52.5
13,3,3,2,2,56,29,66,47.5
13,3,2,3,35,74,58,72,65
13,3,2,0,35,35,41,52,46.5
13,3,2,12,83,89,59,51,55
13,3,2,10,83,92,69,42,55.5
13,3,3,0,29,77,27,72,49.5
13,3,3,0,8,74,40,63,51.5
13,3,3,2,23,77,45,60,52.5
13,3,3,2,2,56,29,66,47.5
14,1,3,0,2,65,24,87,55.5
14,1,3,0,2,56,31,72,51.5
14,1,3,0,2,68,17,65,41
14,1,3,0,2,74,31,64,47.5
14,1,2,0,2,65,11,89,50
14,1,2,0,2,62,17,68,42.5
14,1,2,0,2,68,34,62,48
14,1,2,0,2,80,24,59,41.5
14,1,3,0,2,65,24,87,55.5
14,1,3,0,2,56,31,72,51.5
14,1,3,0,2,68,17,65,41
14,1,3,0,2,74,31,64,47.5
14,2,3,4,98,98,57,56,56.5
14,2,3,1,65,68,50,53,51.5
14,2,3,1,71,80,39,45,42
14,2,3,2,86,77,56,47,51.5
14,2,2,1,74,92,55,42,48.5
14,2,2,1,98,86,54,39,46.5
14,2,2,2,98,98,70,39,54.5
14,2,2,1,86,95,61,48,54.5
14,2,3,4,98,98,57,56,56.5
14,2,3,1,65,68,50,53,51.5
14,2,3,1,71,80,39,45,42
14,2,3,2,86,77,56,47,51.5
14,3,3,2,71,74,47,47,47
14,3,3,0,56,62,31,50,40.5
14,3,3,1,71,74,57,55,56
14,3,3,1,68,65,57,44,50.5
14,3,2,2,77,77,63,52,57.5
14,3,2,0,68,77,61,45,53
14,3,2,0,59,62,54,40,47
14,3,2,0,98,98,62,55,58.5
14,3,3,2,71,74,47,47,47
14,3,3,0,56,62,31,50,40.5
14,3,3,1,71,74,57,55,56
14,3,3,1,68,65,57,44,50.5
15,1,3,2,17,56,42,42,42
15,1,3,1,14,56,37,38,37.5
15,1,3,9,35,74,56,56,56
15,1,2,1,2,59,70,56,63
15,1,2,1,2,56,58,60,59
15,1,2,2,8,59,75,63,69
15,1,2,2,23,68,39,35,37
15,1,3,2,17,56,42,42,42
15,1,3,1,14,56,37,38,37.5
15,1,3,9,35,74,56,56,56
15,2,3,2,29,56,40,41,40.5
15,2,3,6,23,56,41,39,40
15,2,3,8,32,71,46,52,49
15,2,2,3,29,56,48,44,46
15,2,2,6,29,56,58,53,55.5
15,2,2,6,29,56,57,58,57.5
15,2,2,6,29,62,58,50,54
15,2,3,2,29,56,40,41,40.5
15,2,3,6,23,56,41,39,40
15,2,3,8,32,71,46,52,49
15,3,3,8,56,71,65,62,63.5
15,3,3,6,68,86,73,71,72
15,3,3,6,44,71,61,56,58.5
15,3,2,3,47,86,66,52,59
15,3,2,6,56,92,83,58,70.5
15,3,2,2,56,83,78,64,71
15,3,2,5,35,98,75,58,66.5
15,3,3,8,56,71,65,62,63.5
15,3,3,6,68,86,73,71,72
15,3,3,6,44,71,61,56,58.5
16,1,1,16,2,62,15,8,11.5
16,1,1,10,2,62,5,14,9.5
16,1,1,12,2,65,5,8,6.5
16,1,1,5,2,59,6,8,7
16,1,2,19,2,68,36,39,37.5
16,1,2,5,2,59,2,2,2
16,1,2,8,2,68,11,35,23
16,1,2,4,2,68,36,34,35
16,1,3,4,2,65,21,44,32.5
16,1,3,0,2,62,31,69,50
16,1,3,2,2,59,25,61,43
16,1,3,1,2,59,23,54,38.5
16,2,1,15,2,59,18,7,12.5
16,2,1,9,2,59,10,5,7.5
16,2,1,19,2,86,28,7,17.5
16,2,1,8,2,44,4,3,3.5
16,2,2,18,2,71,57,11,34
16,2,2,2,2,59,7,5,6
16,2,2,10,2,59,2,3,2.5
16,2,2,10,2,62,40,12,26
16,2,3,3,2,59,19,43,31
16,2,3,5,2,59,21,40,30.5
16,2,3,3,2,59,21,43,32
16,2,3,3,2,59,10,22,16
16,3,1,18,2,80,25,18,21.5
16,3,1,19,2,80,39,12,25.5
16,3,1,18,2,83,6,10,8
16,3,1,15,2,83,14,23,18.5
16,3,2,20,2,86,59,18,38.5
16,3,2,23,2,98,73,17,45
16,3,2,10,2,89,3,47,25
16,3,2,25,2,98,64,42,53
16,3,3,1,2,74,2,34,18
16,3,3,10,2,80,10,22,16
16,3,3,3,2,86,20,48,34
16,3,3,12,2,98,30,46,38
17,1,3,1,2,14,28,62,45
17,1,3,0,2,32,27,71,49
17,1,3,1,2,20,29,65,47
17,1,3,0,2,32,25,66,45.5
17,1,2,0,2,41,21,61,41
17,1,2,2,2,47,36,51,43.5
17,1,2,0,2,47,26,54,40
17,1,2,0,2,35,20,45,32.5
17,1,3,1,2,14,28,62,45
17,1,3,0,2,32,27,71,49
17,1,3,1,2,20,29,65,47
17,1,3,0,2,32,25,66,45.5
17,2,3,6,35,92,48,52,50
17,2,3,8,35,92,37,56,46.5
17,2,3,5,23,89,32,49,40.5
17,2,3,6,23,83,35,57,46
17,2,2,5,14,83,36,50,43
17,2,2,6,35,80,37,52,44.5
17,2,2,5,5,77,31,40,35.5
17,2,2,6,17,83,34,50,42
17,2,3,6,35,92,48,52,50
17,2,3,8,35,92,37,56,46.5
17,2,3,5,23,89,32,49,40.5
17,2,3,6,23,83,35,57,46
17,3,3,5,14,65,40,50,45
17,3,3,2,2,56,20,39,29.5
17,3,3,7,41,89,72,65,68.5
17,3,3,7,20,83,32,59,45.5
17,3,2,0,2,56,17,41,29
17,3,2,4,14,62,29,50,39.5
17,3,2,6,29,77,57,57,57
17,3,2,2,2,59,26,39,32.5
17,3,3,5,14,65,40,50,45
17,3,3,2,2,56,20,39,29.5
17,3,3,7,41,89,72,65,68.5
17,3,3,7,20,83,32,59,45.5
18,1,3,0,2,59,2,2,2
18,1,3,0,2,68,2,30,16
18,1,3,0,2,62,2,21,11.5
18,1,3,1,2,59,2,27,14.5
18,1,2,0,2,68,13,60,36.5
18,1,2,0,2,65,12,38,25
18,1,2,0,2,62,2,29,15.5
18,1,2,0,2,62,7,22,14.5
18,1,3,0,2,59,2,2,2
18,1,3,0,2,68,2,30,16
18,1,3,0,2,62,2,21,11.5
18,1,3,1,2,59,2,27,14.5
18,2,3,1,2,65,2,12,7
18,2,3,2,2,98,14,39,26.5
18,2,3,2,2,98,6,6,6
18,2,3,1,2,65,2,25,13.5
18,2,2,2,2,68,38,20,29
18,2,2,1,2,83,2,26,14
18,2,2,1,2,77,2,12,7
18,2,2,1,2,77,2,25,13.5
18,2,3,1,2,65,2,12,7
18,2,3,2,2,98,14,39,26.5
18,2,3,2,2,98,6,6,6
18,2,3,1,2,65,2,25,13.5
18,3,3,0,2,59,2,30,16
18,3,3,0,2,65,2,21,11.5
18,3,3,0,2,65,2,22,12
18,3,3,0,2,65,2,27,14.5
18,3,2,0,2,68,3,47,25
18,3,2,0,2,83,13,34,23.5
18,3,2,0,2,62,2,24,13
18,3,2,1,2,77,12,26,19
18,3,3,0,2,59,2,30,16
18,3,3,0,2,65,2,21,11.5
18,3,3,0,2,65,2,22,12
18,3,3,0,2,65,2,27,14.5
19,1,3,3,2,44,55,61,58
19,1,3,8,14,56,61,65,63
19,1,3,1,2,56,51,67,59
19,1,3,5,23,74,63,66,64.5
19,1,2,5,47,50,64,67,65.5
19,1,2,2,2,56,46,63,54.5
19,1,2,15,2,62,69,63,66
19,1,2,11,2,56,55,66,60.5
19,1,3,3,2,44,55,61,58
19,1,3,8,14,56,61,65,63
19,1,3,1,2,56,51,67,59
19,1,3,5,23,74,63,66,64.5
19,2,3,4,50,62,58,67,62.5
19,2,3,10,62,80,65,61,63
19,2,3,11,59,74,53,66,59.5
19,2,3,15,56,68,65,66,65.5
19,2,2,16,53,71,66,64,65
19,2,2,15,74,77,60,65,62.5
19,2,2,18,80,89,78,58,68
19,2,2,20,56,68,57,56,56.5
19,2,3,4,50,62,58,67,62.5
19,2,3,10,62,80,65,61,63
19,2,3,11,59,74,53,66,59.5
19,2,3,15,56,68,65,66,65.5
19,3,3,5,41,56,51,63,57
19,3,3,15,65,65,58,68,63
19,3,3,24,77,89,54,73,63.5
19,3,3,20,62,65,46,72,59
19,3,2,21,65,62,77,68,72.5
19,3,2,17,62,65,69,54,61.5
19,3,2,20,77,50,62,77,69.5
19,3,2,21,53,62,63,68,65.5
19,3,3,5,41,56,51,63,57
19,3,3,15,65,65,58,68,63
19,3,3,24,77,89,54,73,63.5
19,3,3,20,62,65,46,72,59
20,1,1,6,50,59,53,53,53
20,1,1,5,50,62,49,50,49.5
20,1,1,4,26,53,40,40,40
20,1,1,10,56,68,37,50,43.5
20,1,2,5,47,56,51,44,47.5
20,1,2,6,50,53,35,33,34
20,1,2,5,50,62,35,35,35
20,1,2,5,50,50,26,26,26
20,1,3,3,50,71,30,44,37
20,1,3,4,50,77,23,46,34.5
20,1,3,4,50,74,22,12,17
20,1,3,5,50,68,15,12,13.5
20,2,1,0,65,59,47,44,45.5
20,2,1,5,65,59,42,40,41
20,2,1,6,50,59,51,43,47
20,2,1,5,44,56,47,30,38.5
20,2,2,6,50,62,42,36,39
20,2,2,6,41,56,45,37,41
20,2,2,6,50,50,37,34,35.5
20,2,2,9,50,50,34,30,32
20,2,3,6,47,41,23,24,23.5
20,2,3,7,50,74,34,40,37
20,2,3,5,50,74,19,40,29.5
20,2,3,5,50,77,8,12,10
20,3,1,8,50,68,22,21,21.5
20,3,1,6,50,68,50,45,47.5
20,3,1,15,71,83,60,47,53.5
20,3,1,10,47,53,39,35,37
20,3,2,6,50,59,39,33,36
20,3,2,9,50,62,39,39,39
20,3,2,10,50,53,36,32,34
20,3,2,6,50,50,31,32,31.5
20,3,3,8,50,59,25,36,30.5
20,3,3,8,50,56,37,19,28
20,3,3,4,50,74,6,9,7.5
20,3,3,4,50,77,11,11,11
22,1,3,0,2,2,8,2,5
22,1,3,0,2,2,2,2,2
22,1,3,0,2,8,2,3,2.5
22,1,3,0,2,2,4,6,5
22,1,2,0,2,2,6,3,4.5
22,1,2,0,2,5,2,2,2
22,1,2,0,2,2,3,2,2.5
22,1,2,1,2,8,2,2,2
22,1,3,0,2,2,8,2,5
22,1,3,0,2,2,2,2,2
22,1,3,0,2,8,2,3,2.5
22,1,3,0,2,2,4,6,5
22,2,3,30,98,98,64,68,66
22,2,3,8,68,98,57,58,57.5
22,2,3,10,92,71,65,63,64
22,2,3,8,98,98,29,43,36
22,2,2,5,89,98,63,30,46.5
22,2,2,2,68,86,36,20,28
22,2,2,20,98,98,63,64,63.5
22,2,2,1,23,98,15,38,26.5
22,2,3,30,98,98,64,68,66
22,2,3,8,68,98,57,58,57.5
22,2,3,10,92,71,65,63,64
22,2,3,8,98,98,29,43,36
22,3,3,0,2,59,2,2,2
22,3,3,4,65,71,56,57,56.5
22,3,3,3,77,65,41,49,45
22,3,3,20,95,98,66,67,66.5
22,3,2,0,29,74,6,8,7
22,3,2,4,77,86,12,13,12.5
22,3,2,1,71,71,5,4,4.5
22,3,2,2,20,86,24,26,25
22,3,3,0,2,59,2,2,2
22,3,3,4,65,71,56,57,56.5
22,3,3,3,77,65,41,49,45
22,3,3,20,95,98,66,67,66.5
23,1,3,0,2,59,8,31,19.5
23,1,3,0,2,26,13,95,54
23,1,3,0,2,5,2,86,44
23,1,3,0,2,2,16,98,57
23,1,2,0,2,95,2,86,44
23,1,2,4,5,2,11,75,43
23,1,2,2,2,44,36,33,34.5
23,1,2,0,2,2,2,34,18
23,1,3,0,2,59,8,31,19.5
23,1,3,0,2,26,13,95,54
23,1,3,0,2,5,2,86,44
23,1,3,0,2,2,16,98,57
23,2,3,0,20,77,20,75,47.5
23,2,3,0,56,77,2,2,2
23,2,3,1,14,77,2,42,22
23,2,3,0,47,89,2,12,7
23,2,2,0,44,89,7,31,19
23,2,2,4,17,62,22,27,24.5
23,2,2,2,53,74,4,29,16.5
23,2,2,5,23,89,3,9,6
23,2,3,0,20,77,20,75,47.5
23,2,3,0,56,77,2,2,2
23,2,3,1,14,77,2,42,22
23,2,3,0,47,89,2,12,7
23,3,3,0,2,56,2,85,43.5
23,3,3,3,11,59,24,38,31
23,3,3,1,23,62,6,39,22.5
23,3,3,1,17,83,2,71,36.5
23,3,2,4,38,77,31,21,26
23,3,2,7,74,80,22,40,31
23,3,2,1,20,80,23,48,35.5
23,3,2,9,20,92,22,37,29.5
23,3,3,0,2,56,2,85,43.5
23,3,3,3,11,59,24,38,31
23,3,3,1,23,62,6,39,22.5
23,3,3,1,17,83,2,71,36.5
24,1,3,1,2,86,15,83,49
24,1,3,1,2,98,9,98,53.5
24,1,3,1,2,98,36,94,65
24,1,3,1,2,98,26,98,62
24,1,2,1,2,74,2,95,48.5
24,1,2,1,2,92,54,95,74.5
24,1,2,1,2,98,10,85,47.5
24,1,2,1,2,80,13,86,49.5
24,1,3,1,2,86,15,83,49
24,1,3,1,2,98,9,98,53.5
24,1,3,1,2,98,36,94,65
24,1,3,1,2,98,26,98,62
24,2,3,9,20,98,62,62,62
24,2,3,6,11,98,41,60,50.5
24,2,3,3,2,86,19,71,45
24,2,3,9,14,98,54,36,45
24,2,2,33,17,98,72,22,47
24,2,2,22,14,98,63,35,49
24,2,2,17,23,98,61,49,55
24,2,2,5,14,98,28,56,42
24,2,3,9,20,98,62,62,62
24,2,3,6,11,98,41,60,50.5
24,2,3,3,2,86,19,71,45
24,2,3,9,14,98,54,36,45
24,3,3,2,20,98,24,76,50
24,3,3,7,5,77,40,67,53.5
24,3,3,12,5,95,29,25,27
24,3,3,23,8,98,74,52,63
24,3,2,12,29,98,83,28,55.5
24,3,2,39,41,98,71,75,73
24,3,2,21,5,98,68,51,59.5
24,3,2,18,5,62,56,37,46.5
24,3,3,2,20,98,24,76,50
24,3,3,7,5,77,40,67,53.5
24,3,3,12,5,95,29,25,27
24,3,3,23,8,98,74,52,63
25,1,1,3,8,68,23,39,31
25,1,1,0,2,83,39,47,43
25,1,1,2,2,65,24,53,38.5
25,1,1,0,2,62,51,55,53
25,1,2,4,11,65,29,32,30.5
25,1,2,0,2,65,19,29,24
25,1,2,0,2,80,25,45,35
25,1,2,0,2,68,19,48,33.5
25,1,3,0,2,56,35,52,43.5
25,1,3,0,2,59,29,34,31.5
25,1,3,0,2,62,16,43,29.5
25,1,3,0,2,62,31,49,40
25,2,1,4,35,59,28,33,30.5
25,2,1,3,2,59,46,19,32.5
25,2,1,0,5,77,28,25,26.5
25,2,1,0,11,71,37,34,35.5
25,2,2,5,23,83,61,43,52
25,2,2,3,2,83,7,6,6.5
25,2,2,2,17,86,9,8,8.5
25,2,2,1,26,74,6,7,6.5
25,2,3,0,5,77,33,53,43
25,2,3,0,5,80,25,57,41
25,2,3,0,2,86,43,56,49.5
25,2,3,0,2,83,19,33,26
25,3,1,1,8,89,31,63,47
25,3,1,4,23,80,26,44,35
25,3,1,3,2,92,33,54,43.5
25,3,1,0,2,92,28,44,36
25,3,2,0,2,80,27,45,36
25,3,2,0,2,74,19,49,34
25,3,2,0,2,83,3,4,3.5
25,3,2,0,14,83,8,25,16.5
25,3,3,0,5,77,23,43,33
25,3,3,1,11,83,12,21,16.5
25,3,3,0,2,86,30,36,33
25,3,3,0,14,74,20,54,37
26,1,3,6,2,62,23,51,37
26,1,3,1,2,98,36,69,52.5
26,1,3,5,2,89,19,64,41.5
26,1,3,2,2,92,54,66,60
26,1,2,8,2,65,49,64,56.5
26,1,2,13,2,80,33,73,53
26,1,2,7,2,89,39,66,52.5
26,1,2,3,2,89,54,62,58
26,1,3,6,2,62,23,51,37
26,1,3,1,2,98,36,69,52.5
26,1,3,5,2,89,19,64,41.5
26,1,3,2,2,92,54,66,60
26,2,3,9,2,65,32,50,41
26,2,3,12,5,89,59,54,56.5
26,2,3,4,2,80,37,49,43
26,2,3,17,11,86,66,49,57.5
26,2,2,9,2,62,37,47,42
26,2,2,5,2,68,47,55,51
26,2,2,9,2,77,51,51,51
26,2,2,10,5,80,65,51,58
26,2,3,9,2,65,32,50,41
26,2,3,12,5,89,59,54,56.5
26,2,3,4,2,80,37,49,43
26,2,3,17,11,86,66,49,57.5
26,3,3,6,2,98,48,51,49.5
26,3,3,31,32,98,63,62,62.5
26,3,3,19,5,89,52,62,57
26,3,3,11,11,98,42,51,46.5
26,3,2,19,8,89,59,70,64.5
26,3,2,8,14,98,72,65,68.5
26,3,2,19,11,98,60,53,56.5
26,3,2,6,2,98,66,60,63
26,3,3,6,2,98,48,51,49.5
26,3,3,31,32,98,63,62,62.5
26,3,3,19,5,89,52,62,57
26,3,3,11,11,98,42,51,46.5
28,1,3,3,2,32,31,57,44
28,1,3,2,2,20,14,75,44.5
28,1,3,3,2,44,27,53,40
28,1,3,5,2,35,30,54,42
28,1,2,4,8,59,63,57,60
28,1,2,4,2,35,43,54,48.5
28,1,2,3,2,29,44,51,47.5
28,1,2,4,2,32,34,44,39
28,1,3,3,2,32,31,57,44
28,1,3,2,2,20,14,75,44.5
28,1,3,3,2,44,27,53,40
28,1,3,5,2,35,30,54,42
28,2,3,5,17,68,63,54,58.5
28,2,3,4,17,68,52,53,52.5
28,2,3,4,14,80,27,40,33.5
28,2,3,4,11,77,36,44,40
28,2,2,5,17,44,68,40,54
28,2,2,5,20,68,64,68,66
28,2,2,5,17,74,42,44,43
28,2,2,7,11,74,55,53,54
28,2,3,5,17,68,63,54,58.5
28,2,3,4,17,68,52,53,52.5
28,2,3,4,14,80,27,40,33.5
28,2,3,4,11,77,36,44,40
28,3,3,6,11,56,31,44,37.5
28,3,3,4,14,53,38,60,49
28,3,3,5,8,71,30,68,49
28,3,3,5,5,83,25,56,40.5
28,3,2,5,17,65,55,50,52.5
28,3,2,4,8,38,26,60,43
28,3,2,6,8,65,53,56,54.5
28,3,2,5,8,56,51,42,46.5
28,3,3,6,11,56,31,44,37.5
28,3,3,4,14,53,38,60,49
28,3,3,5,8,71,30,68,49
28,3,3,5,5,83,25,56,40.5
29,1,1,0,2,74,50,65,57.5
29,1,1,2,2,59,15,11,13
29,1,1,0,2,56,34,86,60
29,1,1,1,2,68,10,78,44
29,1,3,0,2,71,34,98,66
29,1,3,0,2,74,34,98,66
29,1,3,1,2,71,20,59,39.5
29,1,3,1,2,77,7,58,32.5
29,2,1,5,8,89,5,20,12.5
29,2,1,10,17,92,3,3,3
29,2,1,10,17,80,72,5,38.5
29,2,1,5,5,77,8,25,16.5
29,2,3,1,14,86,48,28,38
29,2,3,1,5,86,72,23,47.5
29,2,3,1,5,83,5,41,23
29,2,3,0,2,77,2,39,20.5
29,3,1,0,5,80,79,19,49
29,3,1,2,8,71,61,39,50
29,3,1,1,5,71,30,52,41
29,3,1,0,2,71,25,80,52.5
29,3,3,0,2,77,34,98,66
29,3,3,1,2,77,31,52,41.5
29,3,3,0,8,98,63,41,52
29,3,3,0,2,77,2,40,21
30,1,3,2,2,29,59,72,65.5
30,1,3,0,2,20,64,84,74
30,1,3,0,2,29,43,71,57
30,1,3,1,38,44,63,65,64
30,1,2,4,44,59,64,49,56.5
30,1,2,1,14,62,53,67,60
30,1,2,1,26,35,45,73,59
30,1,2,1,20,41,56,70,63
30,1,3,2,2,29,59,72,65.5
30,1,3,0,2,20,64,84,74
30,1,3,0,2,29,43,71,57
30,1,3,1,38,44,63,65,64
30,2,3,2,59,68,45,57,51
30,2,3,5,71,74,68,60,64
30,2,3,2,59,83,49,61,55
30,2,3,1,62,89,44,66,55
30,2,2,10,77,89,60,63,61.5
30,2,2,6,68,77,57,62,59.5
30,2,2,2,71,80,59,61,60
30,2,2,3,71,80,52,62,57
30,2,3,2,59,68,45,57,51
30,2,3,5,71,74,68,60,64
30,2,3,2,59,83,49,61,55
30,2,3,1,62,89,44,66,55
30,3,3,1,74,80,57,67,62
30,3,3,1,65,86,59,60,59.5
30,3,3,2,83,95,50,65,57.5
30,3,3,2,56,62,44,52,48
30,3,2,1,68,80,45,62,53.5
30,3,2,3,80,80,66,62,64
30,3,2,6,74,77,49,60,54.5
30,3,2,5,65,74,46,54,50
30,3,3,1,74,80,57,67,62
30,3,3,1,65,86,59,60,59.5
30,3,3,2,83,95,50,65,57.5
30,3,3,2,56,62,44,52,48
31,1,1,5,2,38,39,55,47
31,1,1,6,23,59,32,54,43
31,1,1,4,2,32,24,53,38.5
31,1,1,5,2,32,41,57,49
31,1,2,3,2,41,31,65,48
31,1,2,5,2,35,35,46,40.5
31,1,2,3,2,41,38,47,42.5
31,1,2,3,2,41,34,52,43
31,1,3,4,2,23,19,51,35
31,1,3,3,2,38,22,61,41.5
31,1,3,5,2,29,32,54,43
31,1,3,3,2,41,23,58,40.5
31,2,1,8,14,65,44,44,44
31,2,1,8,23,62,41,42,41.5
31,2,1,6,23,59,47,37,42
31,2,1,5,11,47,42,43,42.5
31,2,2,7,2,53,30,41,35.5
31,2,2,6,14,62,60,47,53.5
31,2,2,5,11,56,46,40,43
31,2,2,5,11,41,41,41,41
31,2,3,6,14,56,54,40,47
31,2,3,5,14,44,38,49,43.5
31,2,3,7,20,38,45,45,45
31,2,3,5,17,41,37,49,43
31,3,1,6,23,62,39,43,41
31,3,1,4,14,38,43,42,42.5
31,3,1,7,26,65,68,43,55.5
31,3,1,6,2,32,32,39,35.5
31,3,2,5,2,53,37,50,43.5
31,3,2,6,11,41,45,38,41.5
31,3,2,6,11,56,50,39,44.5
31,3,2,6,14,53,39,43,41
31,3,3,4,26,62,60,56,58
31,3,3,5,14,41,42,41,41.5
31,3,3,5,14,44,43,41,42
31,3,3,6,20,47,33,50,41.5
33,1,3,31,2,29,12,64,38
33,1,3,13,2,35,10,40,25
33,1,3,18,2,29,26,61,43.5
33,1,3,14,2,83,31,60,45.5
33,1,2,10,2,20,27,54,40.5
33,1,2,16,2,35,51,69,60
33,1,2,1,2,2,6,41,23.5
33,1,2,24,2,62,50,60,55
33,1,3,31,2,29,12,64,38
33,1,3,13,2,35,10,40,25
33,1,3,18,2,29,26,61,43.5
33,1,3,14,2,83,31,60,45.5
33,2,3,25,2,89,65,83,74
33,2,3,26,2,89,48,72,60
33,2,3,19,2,86,48,60,54
33,2,3,3,2,59,13,40,26.5
33,2,2,8,2,2,7,38,22.5
33,2,2,21,2,56,46,45,45.5
33,2,2,19,2,77,68,55,61.5
33,2,2,18,2,83,64,67,65.5
33,2,3,25,2,89,65,83,74
33,2,3,26,2,89,48,72,60
33,2,3,19,2,86,48,60,54
33,2,3,3,2,59,13,40,26.5
33,3,3,13,2,11,25,40,32.5
33,3,3,17,2,83,19,37,28
33,3,3,15,2,77,20,38,29
33,3,3,26,2,68,51,65,58
33,3,2,4,2,2,7,64,35.5
33,3,2,18,2,77,46,63,54.5
33,3,2,22,2,77,62,66,64
33,3,2,25,2,77,70,68,69
33,3,3,13,2,11,25,40,32.5
33,3,3,17,2,83,19,37,28
33,3,3,15,2,77,20,38,29
33,3,3,26,2,68,51,65,58
34,1,1,4,2,35,9,62,35.5
34,1,1,10,23,65,8,4,6
34,1,1,8,20,59,16,12,14
34,1,1,0,2,26,21,80,50.5
34,1,2,0,2,65,11,63,37
34,1,2,6,2,65,22,53,37.5
34,1,2,0,2,59,9,78,43.5
34,1,2,2,2,62,14,57,35.5
34,1,3,1,2,62,11,66,38.5
34,1,3,1,2,62,26,70,48
34,1,3,0,2,47,22,52,37
34,1,3,0,2,62,13,79,46
34,2,1,10,53,83,22,17,19.5
34,2,1,15,68,95,75,38,56.5
34,2,1,9,65,89,53,41,47
34,2,1,24,74,95,64,7,35.5
34,2,2,28,80,95,33,2,17.5
34,2,2,24,83,98,63,10,36.5
34,2,2,13,56,74,19,2,10.5
34,2,2,21,80,95,54,5,29.5
34,2,3,31,77,95,21,13,17
34,2,3,14,56,92,16,13,14.5
34,2,3,8,56,89,13,22,17.5
34,2,3,15,71,95,59,20,39.5
34,3,1,19,41,65,37,41,39
34,3,1,26,59,62,71,24,47.5
34,3,1,12,17,62,11,7,9
34,3,1,18,53,74,33,14,23.5
34,3,2,11,59,74,62,5,33.5
34,3,2,25,59,71,61,11,36
34,3,2,28,74,80,53,6,29.5
34,3,2,18,65,74,72,4,38
34,3,3,13,62,80,42,31,36.5
34,3,3,7,20,77,18,25,21.5
34,3,3,17,74,86,67,9,38
34,3,3,25,68,80,38,43,40.5
35,1,1,19,32,77,65,26,45.5
35,1,1,7,2,59,47,42,44.5
35,1,1,20,2,59,18,19,18.5
35,1,1,18,2,56,32,31,31.5
35,1,2,12,2,68,76,69,72.5
35,1,2,11,2,65,69,67,68
35,1,2,14,17,68,64,65,64.5
35,1,2,9,2,68,62,61,61.5
35,1,3,13,2,68,49,56,52.5
35,1,3,17,2,77,70,69,69.5
35,1,3,12,2,65,64,64,64
35,1,3,9,2,44,31,37,34
35,2,1,15,41,74,71,57,64
35,2,1,22,38,68,63,37,50
35,2,1,13,32,74,68,51,59.5
35,2,1,10,29,74,71,57,64
35,2,2,15,29,71,67,46,56.5
35,2,2,15,29,65,63,59,61
35,2,2,11,26,68,60,62,61
35,2,2,13,26,68,63,66,64.5
35,2,3,17,29,77,57,65,61
35,2,3,18,29,80,58,73,65.5
35,2,3,11,23,68,61,61,61
35,2,3,13,20,71,61,63,62
35,3,1,0,53,86,34,42,38
35,3,1,0,62,98,93,48,70.5
35,3,1,11,11,56,55,44,49.5
35,3,1,13,29,59,57,72,64.5
35,3,2,18,47,86,78,65,71.5
35,3,2,11,23,68,64,66,65
35,3,2,5,62,80,90,70,80
35,3,2,9,35,62,64,64,64
35,3,3,12,26,65,57,55,56
35,3,3,11,44,83,88,61,74.5
35,3,3,17,35,65,69,71,70
35,3,3,14,32,59,62,66,64
37,1,3,1,2,74,33,73,53
37,1,3,0,2,71,44,78,61
37,1,3,0,2,68,45,69,57
37,1,3,0,2,68,43,80,61.5
37,1,2,0,2,59,47,84,65.5
37,1,2,0,2,59,16,50,33
37,1,2,0,2,62,23,70,46.5
37,1,2,0,2,59,13,53,33
37,1,3,1,2,74,33,73,53
37,1,3,0,2,71,44,78,61
37,1,3,0,2,68,45,69,57
37,1,3,0,2,68,43,80,61.5
37,2,3,3,74,89,59,75,67
37,2,3,1,71,77,50,54,52
37,2,3,1,26,68,45,68,56.5
37,2,3,1,14,59,55,63,59
37,2,2,0,80,86,59,75,67
37,2,2,0,26,56,22,60,41
37,2,2,1,17,59,29,52,40.5
37,2,2,1,29,80,56,58,57
37,2,3,3,74,89,59,75,67
37,2,3,1,71,77,50,54,52
37,2,3,1,26,68,45,68,56.5
37,2,3,1,14,59,55,63,59
37,3,3,1,11,71,56,77,66.5
37,3,3,1,11,68,56,67,61.5
37,3,3,0,8,68,43,55,49
37,3,3,0,17,59,25,68,46.5
37,3,2,1,11,65,47,57,52
37,3,2,1,11,65,52,54,53
37,3,2,0,5,62,33,60,46.5
37,3,2,0,5,59,56,51,53.5
37,3,3,1,11,71,56,77,66.5
37,3,3,1,11,68,56,67,61.5
37,3,3,0,8,68,43,55,49
37,3,3,0,17,59,25,68,46.5
38,1,1,3,2,41,5,21,13
38,1,1,5,2,47,19,31,25
38,1,1,2,2,5,2,47,24.5
38,1,1,0,2,29,3,24,13.5
38,1,2,0,2,2,2,37,19.5
38,1,2,0,2,2,14,52,33
38,1,2,0,2,26,26,29,27.5
38,1,2,0,2,56,2,2,2
38,1,3,0,2,8,18,54,36
38,1,3,0,2,23,2,53,27.5
38,1,3,5,2,35,2,2,2
38,1,3,0,2,35,2,24,13
38,2,1,7,2,56,35,20,27.5
38,2,1,8,2,68,58,16,37
38,2,1,0,2,47,34,68,51
38,2,1,0,2,32,24,13,18.5
38,2,2,6,2,62,37,11,24
38,2,2,0,2,29,2,50,26
38,2,2,0,2,68,2,57,29.5
38,2,2,10,2,59,40,22,31
38,2,3,0,2,38,14,48,31
38,2,3,0,2,41,11,28,19.5
38,2,3,0,2,38,43,60,51.5
38,2,3,5,2,62,45,32,38.5
38,3,1,5,2,35,10,8,9
38,3,1,3,2,50,7,10,8.5
38,3,1,8,2,56,45,18,31.5
38,3,1,0,2,38,21,25,23
38,3,2,3,2,35,18,21,19.5
38,3,2,4,2,68,37,42,39.5
38,3,2,3,2,65,25,45,35
38,3,2,0,2,59,39,11,25
38,3,3,0,2,41,2,53,27.5
38,3,3,0,2,62,8,59,33.5
38,3,3,3,2,35,11,45,28
38,3,3,0,2,17,21,29,25
39,1,1,4,26,62,65,60,62.5
39,1,1,6,32,68,75,70,72.5
39,1,1,7,11,50,51,70,60.5
39,1,1,5,23,53,37,27,32
39,1,2,6,35,59,70,63,66.5
39,1,2,6,26,65,65,65,65
39,1,2,4,17,68,49,64,56.5
39,1,2,4,14,59,52,53,52.5
39,1,3,5,26,62,64,60,62
39,1,3,3,2,74,48,64,56
39,1,3,2,2,77,38,55,46.5
39,1,3,1,2,71,47,59,53
39,2,1,7,53,86,72,54,63
39,2,1,7,47,80,72,53,62.5
39,2,1,6,47,86,68,41,54.5
39,2,1,7,38,62,64,53,58.5
39,2,2,4,41,62,60,37,48.5
39,2,2,3,11,80,40,54,47
39,2,2,7,38,68,61,50,55.5
39,2,2,5,41,65,55,54,54.5
39,2,3,7,50,89,62,53,57.5
39,2,3,3,20,80,49,51,50
39,2,3,4,23,68,52,53,52.5
39,2,3,4,11,77,45,53,49
39,3,1,4,35,68,10,10,10
39,3,1,5,44,80,56,41,48.5
39,3,1,4,35,68,36,24,30
39,3,1,8,53,80,84,40,62
39,3,2,4,35,74,68,58,63
39,3,2,6,35,65,61,50,55.5
39,3,2,5,20,62,54,34,44
39,3,2,5,41,80,65,44,54.5
39,3,3,7,38,80,64,64,64
39,3,3,6,32,68,67,55,61
39,3,3,5,29,77,51,53,52
39,3,3,6,35,71,59,62,60.5
21,2,3,0,1,63,72.66666667,67.66666667,70.16666667
21,1,3,1,1,37,77.66666667,75,76.33333333
21,3,3,19,2,53,65.66666667,51.66666667,58.66666667
21,1,3,0,42,46,61,80.33333333,70.66666667
21,3,3,25,23,66,69.33333333,65.33333333,67.33333333
21,3,3,25,20,90,63.33333333,50.33333333,56.83333333
21,2,3,13,0,70,61.66666667,49.66666667,55.66666667
21,2,3,18,18,34,55.66666667,42.33333333,49
21,3,3,27,24,50,40.33333333,58,49.16666667
21,1,3,0,2,41,55.66666667,71.66666667,63.66666667
21,1,3,0,0,63,55.66666667,81,68.33333333
21,2,3,6,0,26,59.33333333,57.66666667,58.5
27,3,3,0,2,98,40.66666667,52.33333333,46.5
27,1,3,0,1,78,1,26.66666667,13.83333333
27,1,3,0,1,99,7.333333333,52,29.66666667
27,1,3,0,2,100,6.333333333,51.33333333,28.83333333
27,3,3,1,19,99,58.66666667,81,69.83333333
27,3,3,7,79,99,79,89.33333333,84.16666667
27,2,3,2,75,100,60,54.66666667,57.33333333
27,2,3,7,60,100,71.66666667,51.33333333,61.5
27,1,3,0,2,99,2,40.66666667,21.33333333
27,3,3,17,98,99,76,66,71
27,2,3,15,47,81,23.33333333,62,42.66666667
27,2,3,0,0,100,16.33333333,33.66666667,25
8,2,3,10,9,76,7.666666667,20.66666667,14.16666667
8,3,3,3,11,67,6.333333333,24,15.16666667
8,1,3,1,2,66,2.666666667,25.33333333,14
8,1,3,7,0,64,5,15,10
8,1,3,4,1,65,6,25.33333333,15.66666667
8,2,3,10,4,80,7.333333333,24,15.66666667
8,3,3,6,3,73,4.666666667,27,15.83333333
8,2,3,24,20,78,15.33333333,13,14.16666667
8,2,3,14,20,76,25,12,18.5
8,1,3,3,1,60,4,37.33333333,20.66666667
8,3,3,21,8,70,20.66666667,10,15.33333333
8,3,3,6,7,67,4,18,11
6,1,3,0,31,25,25.33333333,22.66666667,24
6,1,3,0,15,22,15.33333333,15.33333333,15.33333333
6,3,3,0,12,18,28,28,28
6,2,3,0,9,40,18,25,21.5
6,3,3,0,12,15,8.333333333,17,12.66666667
6,3,3,0,36,25,16.33333333,21.33333333,18.83333333
6,2,3,0,7,52,18.66666667,20,19.33333333
6,2,3,0,11,7,28.66666667,38.66666667,33.66666667
6,3,1,0,14,14,21.66666667,23.66666667,22.66666667
6,1,3,0,7,30,26.66666667,33,29.83333333
6,1,3,0,7,24,29.33333333,14.33333333,21.83333333
6,2,3,0,35,37,25.33333333,34,29.66666667
6,1,1,0,25,0,44,52.33333333,48.16666667
6,2,1,0,2,2,17,9.333333333,13.16666667
6,2,1,0,2,0,0,9.666666667,4.833333333
6,3,1,0,4,2,10.66666667,10,10.33333333
6,3,1,0,2,1,5.333333333,21.66666667,13.5
6,1,1,0,13,17,14.33333333,10.33333333,12.33333333
6,2,1,0,9,7,9.333333333,24.66666667,17
6,3,1,0,39,11,14.66666667,18,16.33333333
6,2,1,0,15,20,25,24,24.5
6,3,1,0,8,4,17,10,13.5
6,1,1,0,7,0,5,10.33333333,7.666666667
6,1,1,0,26,18,15.33333333,18.33333333,16.83333333
8,2,1,0,13,66,20,23.66666667,21.83333333
8,3,1,0,6,56,9.666666667,10.66666667,10.16666667
8,3,1,0,13,62,9.666666667,8,8.833333333
8,1,1,29,4,69,8.666666667,13.66666667,11.16666667
8,2,1,24,12,66,13.66666667,10,11.83333333
8,1,1,35,2,66,12.66666667,8.333333333,10.5
8,1,1,35,2,67,10.33333333,9.666666667,10
8,2,1,37,15,81,10,11,10.5
8,3,1,35,13,61,15.33333333,17.66666667,16.5
8,2,1,33,13,73,15.66666667,8.666666667,12.16666667
8,3,1,27,16,74,13.66666667,11.66666667,12.66666667
8,1,1,14,4,63,16,10.33333333,13.16666667
21,1,1,4,54,53,55.33333333,47.33333333,51.33333333
21,2,1,0,1,80,51.33333333,66.66666667,59
21,3,1,0,18,64,57,35.33333333,46.16666667
27,2,1,0,2,49,42,0.666666667,21.33333333
27,2,1,5,0,84,34,0,17
27,2,1,0,0,98,7.333333333,1,4.166666667
27,1,1,0,4,99,0.666666667,20.66666667,10.66666667
27,2,1,2,0,96,44.66666667,1,22.83333333
27,3,1,1,17,100,52.33333333,12.33333333,32.33333333
27,1,1,0,40,67,1.666666667,21.33333333,11.5
27,1,1,2,48,100,14.33333333,17.66666667,16
27,3,1,6,97,100,79.66666667,51.66666667,65.66666667
27,1,1,0,12,55,1,4.666666667,2.833333333
27,3,1,0,8,100,55,87,71
27,3,1,3,47,99,92.66666667,83.33333333,88
6,2,2,0,0,19,19.66666667,9,14.33333333
6,3,2,0,18,9,12.66666667,15.66666667,14.16666667
6,3,2,0,6,2,8.333333333,13.33333333,10.83333333
6,1,2,0,23,11,9.333333333,14.33333333,11.83333333
6,2,2,0,0,22,18.66666667,16,17.33333333
6,3,2,0,22,26,10.33333333,13,11.66666667
6,3,2,0,16,34,4.666666667,28.66666667,16.66666667
6,1,2,0,28,15,25.33333333,18,21.66666667
6,2,2,0,7,0,19.66666667,25.33333333,22.5
6,3,2,0,12,23,33.33333333,16.33333333,24.83333333
6,3,2,0,37,7,18.66666667,28.33333333,23.5
6,1,2,0,18,7,19.66666667,22.33333333,21
8,3,2,23,14,72,14.66666667,14.33333333,14.5
8,3,2,28,14,71,24.33333333,6.666666667,15.5
8,1,2,15,8,48,22.33333333,10.33333333,16.33333333
8,2,2,13,9,50,17.33333333,10.33333333,13.83333333
8,3,2,25,19,73,9.666666667,11,10.33333333
8,3,2,15,6,54,29,13,21
8,1,2,10,6,45,13.33333333,17,15.16666667
8,3,2,4,2,51,8.333333333,28.33333333,18.33333333
8,3,2,5,0,48,6,16.66666667,11.33333333
8,1,2,4,1,49,12,9,10.5
8,2,2,11,10,66,23.66666667,7.666666667,15.66666667
8,3,2,17,26,75,24.66666667,8.333333333,16.5
21,3,2,0,0,59,55.66666667,50.66666667,53.16666667
21,1,2,0,0,34,60,57,58.5
21,3,2,24,10,55,59,52.33333333,55.66666667
21,3,2,12,21,28,48,63.33333333,55.66666667
21,1,2,0,1,44,11,66.66666667,38.83333333
21,2,2,0,0,61,54.66666667,63.66666667,59.16666667
21,3,2,24,10,77,54.66666667,45.33333333,50
21,3,2,0,1,23,42,53,47.5
21,1,2,0,0,46,38.33333333,28.33333333,33.33333333
21,3,2,14,7,77,64.33333333,51.66666667,58
21,3,2,2,2,63,47,24,35.5
21,1,2,11,2,70,48.33333333,44.33333333,46.33333333
27,2,2,1,100,99,63.66666667,52,57.83333333
27,3,2,1,0,99,7,33,20
27,3,2,15,99,98,60.66666667,66.33333333,63.5
27,1,2,0,2,29,5.333333333,5.333333333,5.333333333
27,3,2,0,16,98,17,20.33333333,18.66666667
27,3,2,0,8,59,19.66666667,20,19.83333333
27,1,2,7,76,98,79.33333333,61.33333333,70.33333333
27,2,2,20,48,100,94.33333333,66.66666667,80.5
27,3,2,8,1,61,10.66666667,36,23.33333333
27,3,2,4,0,49,0.666666667,35.66666667,18.16666667
27,1,2,1,1,100,1.666666667,2.333333333,2
27,3,2,1,10,75,1.333333333,1,1.166666667
